Category,Mean,Standard Deviation
EASY,7.1875,2.007130147
INCR,2.9375,0.9154754164
ARITH,3.5625,1.242118007
CAST,1.0625,0.7037315505
SUBTLE,1,0.6546536707
DEFER,1.5,0.9904304019
ARRAYS,0.3125,0.7237468645
CHAR,2.125,1.980860804
